{
    "UTC-12:00": "(UTC-12:00) - 貝克（島），豪蘭島（島）",
    "UTC-11:00": "(UTC-11:00) - 中途島,紐埃,薩摩亞",
    "UTC-10:00": "(UTC-10:00) - 塔希提島,拉羅湯加,夏威夷",
    "UTC-09:30": "(UTC-09:30) - 馬克薩斯群島",
    "UTC-09:00": "(UTC-09:00) - 甘比爾群島,埃達克島",
    "UTC-08:00": "(UTC-08:00) - 阿拉斯加,朱諾,安克雷奇,梅德拉卡特拉,錫特卡",
    "UTC-07:00": "(UTC-07:00) - 奇瓦瓦市,克雷斯頓,道森市,馬薩特蘭,亞利桑那城,溫哥華,洛杉磯,懷特霍斯",
    "UTC-06:00": "(UTC-06:00) - 阿爾伯塔,哥斯達黎加,丹佛,危地馬拉,墨西哥城,蒙特雷",
    "UTC-05:00": "(UTC-05:00) - 芝加哥,愛荷華州,巴拿馬,波哥大,利馬,基多",
    "UTC-04:00": "(UTC-04:00) - 喬治敦,雷霆灣,紐約,多倫多,哈瓦那,巴巴多斯,多明尼加共和國,波多黎各,拉巴斯,委內瑞拉",
    "UTC-03:00": "(UTC-03:00) - 巴西利亞,布宜諾斯艾利斯,百慕大,聖地亞哥",
    "UTC-02:30": "(UTC-02:30) - 紐芬蘭",
    "UTC-02:00": "(UTC-02:00) - 米基隆,費爾南多·迪諾羅尼亞群島,南喬治亞,格陵蘭",
    "UTC-01:00": "(UTC-01:00) - 佛得角",
    "UTC+00:00": "(UTC+00:00) - 亞速爾群島,達喀爾,冰島,蒙羅維亞",
    "UTC+01:00": "(UTC+01:00) - 阿爾及利亞,波多諾伏,卡薩布蘭卡,里斯本,都柏林,愛丁堡,倫敦",
    "UTC+02:00": "(UTC+02:00) - 布拉格,阿姆斯特丹,柏林,布魯塞爾市,維也納,哥本哈根,馬德里,巴黎,羅馬,斯德哥爾摩,華沙,加里寧格勒,埃及,南非,蘇丹",
    "UTC+03:00": "(UTC+03:00) - 塞浦路斯,莫斯科時間,肯尼亞,坦桑尼亞,索馬里,馬達加斯加,伊拉克,也門,科威特,沙特阿拉伯,卡塔爾,耶路撒冷",
    "UTC+04:00": "(UTC+04:00) - 阿聯酋,阿塞拜疆,亞美尼亞,阿曼,薩馬拉,伊熱夫斯克,阿布哈茲,格魯吉亞",
    "UTC+04:30": "(UTC+04:30) - 德黑蘭,阿富汗",
    "UTC+05:00": "(UTC+05:00) - 馬爾代夫,土庫曼斯坦,葉卡捷琳堡時間,克孜勒奧爾達,烏茲別克斯坦,哈薩克斯坦（烏拉爾斯克）,伊斯蘭堡,卡拉奇",
    "UTC+05:30": "(UTC+05:30) - 印度,斯里蘭卡",
    "UTC+05:45": "(UTC+05:45) - 尼泊爾",
    "UTC+06:00": "(UTC+06:00) - 鄂木斯克時間,孟加拉,哈薩克斯坦（阿斯塔納）,吉爾吉斯斯坦",
    "UTC+06:30": "(UTC+06:30) - 緬甸",
    "UTC+07:00": "(UTC+07:00) - 克拉斯諾亞爾斯克時間,新西伯利亞,克梅羅沃,曼谷,托木斯克,巴爾瑙爾,雅加達,河內",
    "UTC+08:00": "(UTC+08:00) - 伊爾庫茨克時間,烏蘭巴托,吉隆坡,香港,中國,新加坡,台灣,珀斯",
    "UTC+08:45": "(UTC+08:45) - 凱古納,尤克拉,馬都拉,蒙德拉比拉",
    "UTC+09:00": "(UTC+09:00) - 朝鮮,雅庫茨克時間,韓國,赤塔,日本",
    "UTC+09:30": "(UTC+09:30) - 達爾文",
    "UTC+10:00": "(UTC+10:00) - 符拉迪沃斯托克時間,布里斯班,關島,莫爾斯比港",
    "UTC+10:30": "(UTC+10:30) - 阿德萊德,布羅肯希爾",
    "UTC+11:00": "(UTC+11:00) - 馬加丹時間,墨爾本,塔斯馬尼亞,豪勳爵島,薩哈林地區（北千島區）,所羅門群島,NewCaledonia,堪培拉,悉尼",
    "UTC+12:00": "(UTC+12:00) - 諾福克島,堪察加邊疆區,楚科奇自治區,馬紹爾群島,斐濟,新西蘭",
    "UTC+12:45": "(UTC+12:45) - 查塔姆群島",
    "UTC+13:00": "(UTC+13:00) - 薩摩亞,湯加",
    "UTC+14:00": "(UTC+14:00) - 萊恩群島"
}