{
    "UTC-12:00": "(UTC-12:00) - Baker Island, Howland Island",
    "UTC-11:00": "(UTC-11:00) - Midway Islands, Niue, Samoa",
    "UTC-10:00": "(UTC-10:00) - Tahiti, Rarotonga, Hawaii",
    "UTC-09:30": "(UTC-09:30) - Marquesas Islands",
    "UTC-09:00": "(UTC-09:00) - Gambier Islands, Adak Islands",
    "UTC-08:00": "(UTC-08:00) - Alaska, Juneau, Anchorage, Medela Catra, Sitka",
    "UTC-07:00": "(UTC-07:00) - Chihuahua City, Creston, Dawson City, Mazatlan, Arizona City, Vancouver, Los Angeles, Whitehorse",
    "UTC-06:00": "(UTC-06:00) - Alberta, Costa Rica, Denver, Guatemala, Mexico City, Monterrey",
    "UTC-05:00": "(UTC-05:00) - Chicago, Iowa, Panama, Bogota, Lima, Quito",
    "UTC-04:00": "(UTC-04:00) - Georgetown, Thunder Bay, New York, Toronto, Havana, Barbados, Dominican Republic, Puerto Rico, La Paz, Venezuela",
    "UTC-03:00": "(UTC-03:00) - Brasilia, Buenos Aires, Bermuda, San Diego",
    "UTC-02:30": "(UTC-02:30) - Newfoundland",
    "UTC-02:00": "(UTC-02:00) - Miquelon, Fernando de Noronha, South Georgia, Greenland",
    "UTC-01:00": "(UTC-01:00) - Cape Verde",
    "UTC+00:00": "(UTC+00:00) - Azores Islands, Dakar, Iceland, Monrovia",
    "UTC+01:00": "(UTC+01:00) - Algeria, Portonovo, Casablanca, Lisbon, Dublin, Edinburgh, London",
    "UTC+02:00": "(UTC+02:00) - Prague, Amsterdam, Berlin, Brussels City, Vienna, Copenhagen, Madrid, Paris, Rome, Stockholm, Warsaw, Kaliningrad, Egypt, South Africa, Sudan",
    "UTC+03:00": "(UTC+03:00) - Cyprus, Moscow Time, Kenya, Tanzania, Somalia, Madagascar, Iraq, Yemen, Kuwait, Saudi Arabia, Qatar, Jerusalem",
    "UTC+04:00": "(UTC+04:00) - UAE, Azerbaijan, Armenia, Oman, Samara, Izhevsk, Abkhazia, Georgia",
    "UTC+04:30": "(UTC+04:30) - Tehran, Afghanistan",
    "UTC+05:00": "(UTC+05:00) - Maldives, Turkmenistan, Yekaterinburg Time, Kyzyl Orda, Uzbekistan, Kazakhstan (Uralsk), Islamabad, Karachi",
    "UTC+05:30": "(UTC+05:30) - India, Sri Lanka",
    "UTC+05:45": "(UTC+05:45) - Nepal",
    "UTC+06:00": "(UTC+06:00) - Omsk Time, Bangladesh, Kazakhstan (Astana), Kyrgyzstan",
    "UTC+06:30": "(UTC+06:30) - Myanmar",
    "UTC+07:00": "(UTC+07:00) - Krasnoyarsk Time, Novosibirsk, Kemerovo, Bangkok, Tomsk, Barnaul, Jakarta, Hanoi",
    "UTC+08:00": "(UTC+08:00) - Irkutsk Time, Ulaanbaatar, Kuala Lumpur, Hong Kong, China, Singapore, Taiwan, Perth",
    "UTC+08:45": "(UTC+08:45) - Keguna, Ukra, Madura, Mondela, Bila",
    "UTC+09:00": "(UTC+09:00) - North Korea, Yakutsk Time, South Korea, Chita, Japan",
    "UTC+09:30": "(UTC+09:30) - Darwin",
    "UTC+10:00": "(UTC+10:00) - Vladivostok Time, Brisbane, Guam, Port Moresby",
    "UTC+10:30": "(UTC+10:30) - Adelaide, Broken Hill",
    "UTC+11:00": "(UTC+11:00) - Magadan Time, Melbourne, Tasmania, Lord Howe Island, Sakhalin (North Thousand Islands), Solomon Islands, New Caledonia, Canberra, Sydney",
    "UTC+12:00": "(UTC+12:00) - Norfolk Island, Kamchatka Krai, Chukotka Autonomous Region, Marshall Islands, Fiji, New Zealand",
    "UTC+12:45": "(UTC+12:45) - Chatham Islands",
    "UTC+13:00": "(UTC+13:00) - Samoa, Tonga",
    "UTC+14:00": "(UTC+14:00) - Line Islands"
}