{
    "UTC-12:00": "(UTC-12:00) - Isla Baker, Isla Howland",
    "UTC-11:00": "(UTC-11:00) - Islas Intermedias, Niue, Samoa",
    "UTC-10:00": "(UTC-10:00) - Tahiti, Rarotonga, Hawái",
    "UTC-09:30": "(UTC-09:30) - Islas Marquesas",
    "UTC-09:00": "(UTC-09:00) - Islas Gambier, Islas Adak",
    "UTC-08:00": "(UTC-08:00) - Alaska, Juneau, Anchorage, Medela Catra, Sitka",
    "UTC-07:00": "(UTC+07:00) - Hora de Krasnoyarsk, Novosibirsk, Kemerovo, Bangkok, Tomsk, Barnaul, Yakarta, Hanói",
    "UTC-06:00": "(UTC-06:00) - Alberta, Costa Rica, Denver, Guatemala, Ciudad de México, Monterrey",
    "UTC-05:00": "(UTC-05:00) - Chicago, Iowa, Panamá, Bogotá, Lima, Quito",
    "UTC-04:00": "(UTC-04:00) - Georgetown, Thunder Bay, Nueva York, Toronto, La Habana, Barbados, República Dominicana, Puerto Rico, La Paz, Venezuela",
    "UTC-03:00": "(UTC-03:00) - Brasilia, Buenos Aires, Bermudas, San Diego",
    "UTC-02:30": "(UTC-02:30) - Terranova",
    "UTC-02:00": "(UTC-02:00) - Miquelon, Fernando de Noronha, Georgia del Sur, Groenlandia",
    "UTC-01:00": "(UTC-01:00) - Cabo Verde",
    "UTC+00:00": "(UTC+00:00) - Islas Azores, Dakar, Islandia, Monrovia",
    "UTC+01:00": "(UTC+01:00) - Argelia, Portonovo, Casablanca, Lisboa, Dublín, Edimburgo, Londres",
    "UTC+02:00": "(UTC+02:00) - Praga, Ámsterdam, Berlín, Ciudad de Bruselas, Viena, Copenhague, Madrid, París, Roma, Estocolmo, Varsovia, Kaliningrado, Egipto, Sudáfrica, Sudán",
    "UTC+03:00": "(UTC+03:00) - Chipre, hora de Moscú, Kenia, Tanzania, Somalia, Madagascar, Irak, Yemen, Kuwait, Arabia Saudita, Qatar, Jerusalén",
    "UTC+04:00": "(UTC+04:00) - UAE, Azerbaiyán, Armenia, Omán, Samara, Izhevsk, Abjasia, Georgia",
    "UTC+04:30": "(UTC+04:30) - Teherán, Afganistán",
    "UTC+05:00": "(UTC+05:00) - Maldivas, Turkmenistán, hora de Ekaterimburgo, Kyzyl Orda, Uzbekistán, Kazajstán (Uralsk), Islamabad, Karachi",
    "UTC+05:30": "(UTC+05:30) - India, Sri Lanka",
    "UTC+05:45": "(UTC+05:45) - Nepal",
    "UTC+06:00": "(UTC+06:00) - Hora de Omsk, Bangladesh, Kazajstán (Astana), Kirguistán",
    "UTC+06:30": "(UTC+06:30) - Myanmar",
    "UTC+08:00": "(UTC+08:00) - Hora de Irkutsk, Ulaanbaatar, Kuala Lumpur, Hong Kong, China, Singapur, Taiwán, Perth",
    "UTC+08:45": "(UTC+08:45) - Keguna, Ukra, Madura, Mondela, Bila",
    "UTC+09:00": "(UTC+09:00) - Corea del Norte, hora de Yakutsk, Corea del Sur, Chita, Japón",
    "UTC+09:30": "(UTC+09:30) - Darwin",
    "UTC+10:00": "(UTC+10:00) - Hora de Vladivostok, Brisbane, Guam, Port Moresby",
    "UTC+10:30": "(UTC+10:30) - Adelaide, Broken Hill",
    "UTC+11:00": "(UTC+11:00) - Hora de Magadán, Melbourne, Tasmania, Isla Lord Howe, Sakhalin (Islas del Norte de las Mil), Islas Salomón, Nueva Caledonia, Canberra, Sydney",
    "UTC+12:00": "(UTC+12:00) - Isla Norfolk, Krai de Kamchatka, Región Autónoma de Chukotka, Islas Marshall, Fiji, Nueva Zelanda",
    "UTC+12:45": "(UTC+12:45) - Islas Chatham",
    "UTC+13:00": "(UTC+13:00) - Samoa, Tonga",
    "UTC+14:00": "(UTC+14:00) - Islas de línea"
}